,City,Lat,Lng,Temp Max,Humidity,Cloudness,windSpeed,country,date
0,San Patricio,28.017,-97.5169,98.17,41,33,16.46,US,1658863946
1,Kanniyākumāri,8.0833,77.5667,77.95,83,28,8.23,IN,1658863999
2,Saskylakh,71.9167,114.0833,66.27,85,28,4.21,RU,1658863883
3,Punta Arenas,-53.15,-70.9167,39.22,70,75,13.8,CL,1658863946
4,Hilo,19.7297,-155.09,83.28,92,100,3.44,US,1658863865
5,San Vicente,-26.6167,-54.1333,76.32,53,5,1.32,AR,1658864000
6,Trelew,-43.249,-65.3051,46.56,92,100,8.61,AR,1658864220
7,Hobart,-42.8794,147.3294,44.46,93,69,3.44,AU,1658864353
8,Villa Guerrero,18.8667,-99.65,80.28,52,74,4.7,MX,1658864354
9,Mount Gambier,-37.8333,140.7667,49.91,100,100,9.22,AU,1658864431
10,Lermontovka,47.1453,134.3383,65.44,95,54,2.17,RU,1658864432
11,Dikson,73.5069,80.5464,44.92,92,100,28.81,RU,1658864432
12,Severo-Kuril'sk,50.6789,156.125,52.79,85,94,5.73,RU,1658864432
13,Esperance,-33.8667,121.9,56.8,82,100,6.91,AU,1658864433
14,Busselton,-33.65,115.3333,48.96,84,0,7.25,AU,1658864433
15,Nikolskoye,59.7035,30.7861,73.8,78,89,6.08,RU,1658863906
16,Chui,-33.6971,-53.4616,64.54,87,90,5.68,UY,1658863758
17,Lorengau,-2.0226,147.2712,80.58,82,82,8.03,PG,1658863991
18,Neiafu,-18.65,-173.9833,75.88,78,75,3.44,TO,1658864003
19,Mahon,39.8885,4.2658,77.56,69,0,11.5,ES,1658864003
20,Saint Paul Harbor,57.79,-152.4072,54.91,62,0,0.0,US,1658863999
21,‘Āhuimanu,21.4447,-157.8378,82.11,79,100,14.97,US,1658864003
22,Rikitea,-23.1203,-134.9692,75.43,75,97,13.15,PF,1658864004
23,Mataura,-46.1927,168.8643,44.47,97,100,7.47,NZ,1658864004
24,Muhafazat Lahij,13.1667,44.5833,87.51,36,95,9.51,YE,1658864004
25,Hermanus,-34.4187,19.2345,50.81,88,99,7.31,ZA,1658864005
26,Barrow,71.2906,-156.7887,35.62,93,100,14.97,US,1658863930
27,Puerto Ayora,-0.7393,-90.3518,78.76,89,100,8.01,EC,1658864005
28,Erenhot,43.6475,111.9767,72.45,39,83,6.11,CN,1658864006
29,Cape Town,-33.9258,18.4232,57.27,81,20,5.75,ZA,1658864006
30,Ushuaia,-54.8,-68.3,38.82,60,20,9.22,AR,1658863898
31,Vila Velha,-20.3297,-40.2925,76.95,82,20,11.5,BR,1658863712
32,Port Alfred,-33.5906,26.891,65.23,53,11,8.39,ZA,1658864006
33,Gōtsuchō,35.0,132.2167,75.63,86,0,4.16,JP,1658864007
34,Dongsheng,39.8161,109.9776,68.47,50,100,7.74,CN,1658864007
35,Nyurba,63.2842,118.3319,66.56,89,5,5.01,RU,1658864007
36,Ahipara,-35.1667,173.1667,56.08,74,97,16.04,NZ,1658864008
37,Upernavik,72.7868,-56.1549,38.62,89,95,11.54,GL,1658863888
38,Narsaq,60.9167,-46.05,57.42,81,48,5.32,GL,1658864008
39,La Tuque,47.4334,-72.7824,75.45,43,99,9.22,CA,1658864008
40,East London,-33.0153,27.9116,63.95,54,26,9.13,ZA,1658864009
41,Carnarvon,-24.8667,113.6333,62.62,49,0,10.29,AU,1658864009
42,Hrubieszów,50.805,23.8925,64.4,95,100,9.89,PL,1658864009
43,Brønnøysund,65.4625,12.1997,53.6,100,75,18.41,NO,1658864010
44,Palmer,42.1584,-72.3287,82.92,43,75,9.22,US,1658864010
45,Padang,-0.9492,100.3543,76.03,86,91,3.27,ID,1658864010
46,Hithadhoo,-0.6,73.0833,81.01,76,100,13.29,MV,1658864011
47,Yellowknife,62.456,-114.3525,70.32,49,20,4.61,CA,1658863942
48,Bethel,41.3712,-73.414,83.34,50,40,5.75,US,1658864011
49,Bredasdorp,-34.5322,20.0403,51.01,92,100,5.73,ZA,1658864011
50,Ribeira Grande,38.5167,-28.7,77.4,83,20,11.5,PT,1658863919
51,Envira,-7.3,-70.2167,83.37,59,93,1.63,BR,1658864012
52,Chokurdakh,70.6333,147.9167,45.75,62,99,12.08,RU,1658864012
53,Kununurra,-15.7667,128.7333,73.38,33,18,10.36,AU,1658863814
54,Mossamedes,-15.1961,12.1522,63.93,78,81,1.79,AO,1658864012
55,Tuatapere,-46.1333,167.6833,44.33,95,100,9.01,NZ,1658864013
56,Baykalovo,57.3981,63.7684,57.25,92,95,7.02,RU,1658864013
57,Necochea,-38.5473,-58.7368,53.98,94,100,7.81,AR,1658864013
58,Tuktoyaktuk,69.4541,-133.0374,59.0,82,100,19.57,CA,1658863885
59,Butaritari,3.0707,172.7902,81.55,75,12,17.87,KI,1658863762
60,Souillac,-20.5167,57.5167,70.18,83,40,6.91,MU,1658864002
61,Ngunguru,-35.6167,174.5,54.46,77,28,13.87,NZ,1658864014
62,Saldanha,-33.0117,17.9442,55.45,88,21,4.74,ZA,1658863963
63,Cherskiy,68.75,161.3,44.42,62,5,11.14,RU,1658864007
64,Fort-Shevchenko,44.5086,50.263,77.56,61,0,7.14,KZ,1658864014
65,Mount Isa,-20.7333,139.5,55.17,41,0,10.36,AU,1658864360
66,Pisco,-13.7,-76.2167,64.45,77,20,8.05,PE,1658864015
67,Husavik,66.0449,-17.3389,54.3,74,97,5.28,IS,1658864015
68,Acajutla,13.5928,-89.8275,83.08,71,97,7.07,SV,1658864015
69,Port Hedland,-20.3167,118.5667,59.05,51,10,6.91,AU,1658864016
70,Preobrazheniye,42.9019,133.9064,68.36,90,100,2.64,RU,1658864360
71,Torbay,47.6666,-52.7314,75.97,75,75,20.71,CA,1658864005
72,Grand Gaube,-20.0064,57.6608,70.2,76,0,1.99,MU,1658864016
73,Nanlong,31.3533,106.0631,79.77,87,9,4.32,CN,1658864016
74,Yulara,-25.2406,130.9889,42.35,59,0,9.15,AU,1658863987
75,Dubrovka,53.6907,33.5071,62.85,92,40,6.24,RU,1658864017
76,Shiyan,32.6475,110.7781,77.88,93,100,2.59,CN,1658864017
77,Yokadouma,3.5167,15.05,71.15,87,95,2.19,CM,1658864018
78,Paramonga,-10.6667,-77.8333,65.62,75,77,12.28,PE,1658864018
79,Kalmunai,7.4167,81.8167,80.01,81,100,3.11,LK,1658864018
80,Promyshlennaya,54.9159,85.6385,58.15,88,56,5.14,RU,1658864019
81,Camalú,30.85,-116.0667,76.26,60,35,11.3,MX,1658864019
82,Bathsheba,13.2167,-59.5167,86.61,76,20,20.71,BB,1658864019
83,Mar del Plata,-38.0023,-57.5575,60.1,97,100,5.75,AR,1658864019
84,Albany,42.6001,-73.9662,77.36,52,100,1.99,US,1658864020
85,Marsá Maţrūḩ,31.3525,27.2453,80.8,78,0,9.22,EG,1658864020
86,Tagusao,9.1924,117.8141,79.0,83,43,3.65,PH,1658864020
87,Ust-Nera,64.5667,143.2,62.69,82,22,5.79,RU,1658864021
88,Shenjiamen,29.9576,122.298,79.5,86,44,16.98,CN,1658864021
89,Saint Anthony,45.0205,-93.218,79.25,65,100,9.22,US,1658864362
90,Whitehorse,60.7161,-135.0538,72.81,49,75,14.97,CA,1658864363
91,Winchester,51.0651,-1.3187,68.49,57,20,9.22,GB,1658863969
92,Jalu,29.0331,21.5482,87.49,32,5,15.46,LY,1658864363
93,Darnah,32.767,22.6367,79.74,75,0,15.79,LY,1658864022
94,Nanortalik,60.1432,-45.2371,46.13,88,78,5.08,GL,1658863752
95,Pirapora,-17.345,-44.9419,82.8,25,0,3.71,BR,1658864022
96,Benguela,-12.5763,13.4055,68.92,86,44,2.86,AO,1658864022
97,Jhang,33.6748,72.6963,80.62,75,100,6.76,PK,1658864023
98,Rio Brilhante,-21.8019,-54.5464,90.0,21,0,3.6,BR,1658864023
99,La Paz,-16.5,-68.15,62.58,31,20,9.22,BO,1658863933
100,Mahébourg,-20.4081,57.7,70.09,83,40,6.91,MU,1658863899
101,Yangi Marg`ilon,40.4272,71.7189,86.72,35,5,6.91,UZ,1658864023
102,Vestmannaeyjar,63.4427,-20.2734,52.79,93,100,19.57,IS,1658864024
103,Ende,-8.8432,121.6623,72.63,78,46,0.69,ID,1658864024
104,Yūbari,43.0378,141.9578,66.94,96,100,1.21,JP,1658864024
105,Kumul,42.8,93.45,80.8,15,0,9.15,CN,1658864025
106,São Filipe,14.8961,-24.4956,77.9,82,87,3.91,CV,1658864025
107,Geraldton,-28.7667,114.6,41.41,87,0,9.22,AU,1658864025
108,Mongoumba,3.6415,18.5936,72.61,90,100,2.82,CF,1658864026
109,Chingirlau,51.095,54.0814,65.97,81,69,3.56,KZ,1658864026
110,San Andrés,12.5847,-81.7006,87.82,70,40,8.05,CO,1658864026
111,Provideniya,64.3833,-173.3,46.45,63,71,5.21,RU,1658863913
112,Kirkwall,58.9848,-2.9587,55.45,82,100,11.5,GB,1658864027
113,Kaeo,-35.1,173.7833,53.33,90,60,14.16,NZ,1658864027
114,Arecibo,18.4724,-66.7157,91.02,75,0,4.0,PR,1658863955
115,Ballater,57.0493,-3.0402,59.81,81,93,2.64,GB,1658864027
116,Nieuw Amsterdam,5.8833,-55.0833,89.62,62,40,9.22,SR,1658864028
117,Hambantota,6.1241,81.1185,78.55,84,95,2.42,LK,1658864028
118,Nsanje,-16.92,35.262,63.57,95,77,3.22,MW,1658864028
119,Labuhan,-6.8844,112.2051,74.21,86,74,7.34,ID,1658864078
120,Fairbanks,64.8378,-147.7164,57.2,55,75,18.41,US,1658863786
121,Comodoro Rivadavia,-45.8667,-67.5,37.26,87,75,6.91,AR,1658864029
122,Zheshart,62.0731,49.5733,53.11,65,8,2.73,RU,1658864029
123,Clyde River,70.4692,-68.5914,39.43,100,75,11.5,CA,1658863875
124,Castro,-24.7911,-50.0119,68.27,59,0,4.92,BR,1658864030
125,Misratah,32.3754,15.0925,82.89,65,0,6.76,LY,1658864030
126,Chililabombwe,-12.3648,27.8229,59.31,50,1,6.55,ZM,1658864030
127,Vardø,70.3705,31.1107,58.98,94,75,5.75,NO,1658864031
128,Katherine,-14.4667,132.2667,61.12,67,7,8.05,AU,1658864031
129,Lithakia,37.7167,20.8333,82.33,74,0,3.44,GR,1658864031
130,Mandalgovi,45.7625,106.2708,52.48,79,3,13.67,MN,1658864031
131,Ampanihy,-24.7,44.75,59.7,78,0,3.94,MG,1658864032
132,Loandjili,-4.7561,11.8578,70.12,88,21,7.0,CG,1658864032
133,Yarim,14.298,44.3779,55.78,77,100,3.76,YE,1658864032
134,Chapais,49.7834,-74.8492,56.98,87,94,12.62,CA,1658864033
135,Ambon City,-3.6954,128.1814,79.23,14,40,6.91,ID,1658864033
136,Muzhi,65.3667,64.6667,55.45,70,100,12.37,RU,1658864033
137,Bengkulu,-3.8004,102.2655,75.67,87,100,3.67,ID,1658863894
138,Fortuna,40.5982,-124.1573,71.92,70,38,4.0,US,1658864034
139,Petropavlovsk-Kamchatskiy,53.0452,158.6483,52.39,100,75,2.24,RU,1658863874
140,Avarua,-21.2078,-159.775,71.65,64,40,13.8,CK,1658863992
141,Yumen,40.2833,97.2,75.09,16,11,11.97,CN,1658864034
142,Santa Ana,33.7456,-117.8678,94.86,59,40,6.91,US,1658863919
143,Atuona,-9.8,-139.0333,77.25,76,6,17.63,PF,1658864035
144,Hasaki,35.7333,140.8333,77.4,90,100,16.04,JP,1658864035
145,Faya,18.3851,42.4509,69.91,61,100,5.66,SA,1658864035
146,Port Elizabeth,-33.918,25.5701,61.32,63,17,1.01,ZA,1658864036
147,Tasiilaq,65.6145,-37.6368,42.96,93,100,1.63,GL,1658863901
148,Victor Harbor,-35.5667,138.6167,50.68,75,100,11.79,AU,1658864036
149,Sitka,57.0531,-135.33,57.09,94,100,3.44,US,1658864036
150,Cayenne,4.9333,-52.3333,86.09,14,75,3.44,GF,1658864127
151,Thompson,55.7435,-97.8558,60.96,82,75,9.22,CA,1658864037
152,Cidreira,-30.1811,-50.2056,62.89,89,11,11.5,BR,1658864037
153,Bluff,-46.6,168.3333,44.8,89,100,22.75,NZ,1658864037
154,North Bend,43.4065,-124.2243,75.92,94,40,8.05,US,1658863844
155,Lompoc,34.6391,-120.4579,85.01,71,0,9.22,US,1658863948
156,Vaini,-21.2,-175.2,71.76,88,20,5.75,TO,1658864038
157,Sambalpur,21.45,83.9667,78.48,90,100,3.98,IN,1658863915
158,Kapaa,22.0752,-159.319,82.72,71,40,19.57,US,1658863913
159,Halvad,23.0167,71.1833,79.05,87,89,9.73,IN,1658864038
160,Sur,22.5667,59.5289,81.39,79,35,17.45,OM,1658864038
161,Sept-Îles,50.2001,-66.3821,73.4,47,75,12.66,CA,1658863811
162,Belmonte,-15.8631,-38.8828,73.96,70,2,9.62,BR,1658864039
163,Biak,-0.9131,122.8766,75.07,90,95,6.91,ID,1658864368
164,San Quintín,30.4833,-115.95,74.21,64,14,12.75,MX,1658864039
165,Fremont,37.5483,-121.9886,87.03,54,0,8.01,US,1658863762
166,Bloomington,44.8408,-93.2983,80.04,62,100,11.5,US,1658864040
167,Severomuysk,56.1481,113.4267,55.53,89,100,3.62,RU,1658864040
168,Jasper,37.2001,-94.3502,105.46,28,20,4.0,US,1658864369
169,Buala,-8.145,159.5921,78.57,83,84,4.65,SB,1658864040
170,Beringovskiy,63.05,179.3167,47.75,81,100,6.58,RU,1658863751
171,Leningradskiy,69.3833,178.4167,33.58,99,100,8.57,RU,1658863944
172,Saint George,37.1041,-113.5841,91.63,44,0,4.0,US,1658864041
173,Santo Domingo,18.5001,-69.9886,92.84,63,40,9.22,DO,1658863962
174,Ulaanbaatar,47.9077,106.8832,51.93,82,40,6.71,MN,1658863875
175,Nuuk,64.1835,-51.7216,47.01,81,75,4.61,GL,1658863908
176,Ivybridge,50.3904,-3.9191,65.71,62,2,9.57,GB,1658864042
177,Rio Grande,-32.035,-52.0986,69.91,88,79,9.73,BR,1658863805
178,Itinga,-16.6131,-41.7653,78.96,42,0,11.77,BR,1658864042
179,Chaska,44.7894,-93.6022,80.33,67,75,11.5,US,1658864020
180,Santa Cruz de la Sierra,-17.8,-63.1667,90.86,43,40,16.11,BO,1658864043
181,Maceió,-9.6658,-35.7353,76.44,88,100,9.22,BR,1658864043
182,Peace River,56.2501,-117.286,79.11,44,75,3.44,CA,1658863900
183,Ilulissat,69.2167,-51.1,50.02,81,75,5.75,GL,1658864043
184,Yekaterinogradskaya,43.7635,44.2317,74.46,49,74,5.17,RU,1658864044
185,Grand-Santi,4.25,-54.3833,79.21,91,100,2.68,GF,1658864044
186,Kaitangata,-46.2817,169.8464,45.48,96,100,12.97,NZ,1658864370
187,Jumla,29.2747,82.1838,61.92,98,99,1.9,NP,1658864045
188,Lebu,-37.6167,-73.65,53.87,77,3,17.47,CL,1658864045
189,São José da Coroa Grande,-8.8978,-35.1478,74.95,84,74,12.08,BR,1658864045
190,New Norfolk,-42.7826,147.0587,44.1,87,87,2.91,AU,1658863768
191,Devils Lake,48.1128,-98.8651,73.51,54,20,13.8,US,1658864371
192,San Javier,37.8063,-0.8374,85.57,74,20,5.01,ES,1658864046
193,Iskateley,67.6803,53.1512,48.31,82,7,6.44,RU,1658864046
194,Lavrentiya,65.5833,-171.0,38.95,89,100,14.18,RU,1658864372
195,Port Keats,-14.25,129.55,68.41,43,99,8.93,AU,1658864047
196,Tumen,42.9661,129.8425,68.9,98,33,1.72,CN,1658864047
197,Yar-Sale,66.8333,70.8333,48.47,88,100,9.44,RU,1658864000
198,Forsytheganj,52.6333,29.7333,64.15,77,52,4.61,BY,1658864047
199,Pecos,31.4229,-103.4932,97.63,26,0,0.0,US,1658864263
200,Talnakh,69.4865,88.3972,54.21,77,6,3.65,RU,1658863990
201,Praia da Vitória,38.7333,-27.0667,78.76,88,40,5.75,PT,1658864373
202,Takoradze,4.8845,-1.7554,75.22,88,100,10.87,GH,1658864373
203,Makakilo City,21.3469,-158.0858,80.92,65,100,14.97,US,1658864048
204,Zogno,45.7919,9.6562,83.71,80,75,4.0,IT,1658864049
205,Saint-Pierre,-21.3393,55.4781,67.91,76,0,4.61,RE,1658864049
206,Yaring,6.8662,101.3689,79.02,86,100,5.23,TH,1658864049
207,Caravelas,-17.7125,-39.2481,72.9,75,4,6.49,BR,1658864050
208,União,-4.5858,-42.8642,89.62,37,30,2.3,BR,1658864050
209,Washington,47.5001,-120.5015,96.33,28,0,5.08,US,1658863787
210,Salé,34.0389,-6.8166,79.48,65,1,5.75,MA,1658864051
211,Ilebo,-4.3167,20.5833,77.16,35,69,2.26,CD,1658864051
212,Evensk,61.95,159.2333,53.33,82,55,2.28,RU,1658864051
213,Riyadh,24.6877,46.7219,96.94,13,99,9.71,SA,1658864052
214,Pindiga,9.9833,10.9333,75.2,77,99,9.86,NG,1658864052
215,Nekrasovskoye,57.6766,40.3657,67.89,88,0,0.0,RU,1658864052
216,Khatanga,71.9667,102.5,66.04,56,74,8.93,RU,1658864053
217,Xining,36.6167,101.7667,57.6,84,100,1.03,CN,1658863956
218,Abhā,18.2164,42.5053,69.62,73,0,0.0,SA,1658864053
219,Bila,43.7825,16.9253,65.01,87,51,6.49,BA,1658864053
220,Eenhana,-17.4667,16.3333,64.45,31,58,6.06,NA,1658864054
221,Airai,-8.9266,125.4092,53.15,71,89,3.89,TL,1658864054
222,Saint-François,46.4154,3.9054,69.24,52,0,10.36,FR,1658864054
223,Starkville,33.4504,-88.8184,92.64,46,100,5.86,US,1658864055
224,Fort Nelson,58.8053,-122.7002,78.39,50,40,9.22,CA,1658864055
225,Ormara,25.2088,64.6357,82.87,81,100,3.65,PK,1658864056
226,Longyearbyen,78.2186,15.6401,48.04,87,75,8.05,SJ,1658864056
227,Erice,38.037,12.5865,75.56,79,0,8.05,IT,1658864056
228,Palu,-0.8917,119.8707,75.99,94,100,2.89,ID,1658864057
229,Mogadouro,41.3403,-6.7119,75.13,33,0,9.31,PT,1658864057
230,Kieta,-6.2167,155.6333,78.01,84,100,1.1,PG,1658863985
231,Bollnäs,61.3482,16.3946,57.18,90,14,4.97,SE,1658864057
232,Gladstone,-23.85,151.25,58.93,58,0,6.91,AU,1658863881
233,Awjilah,29.1081,21.2869,86.95,32,5,16.46,LY,1658864058
234,Kruisfontein,-34.0033,24.7314,57.31,50,13,6.96,ZA,1658863806
235,Gillette,44.2911,-105.5022,68.92,71,20,9.35,US,1658863807
236,Kavieng,-2.5744,150.7967,82.15,71,100,12.66,PG,1658864058
237,Jamestown,42.097,-79.2353,78.53,53,40,9.22,US,1658864059
238,Grindavik,63.8424,-22.4338,54.07,94,100,23.02,IS,1658864059
239,Mbaïki,3.8678,17.9892,70.75,97,100,1.43,CF,1658864059
240,Yingkou,40.6648,122.2283,71.92,89,6,5.35,CN,1658864060
241,Kachīry,53.0675,76.1036,73.24,38,99,10.25,KZ,1658864060
242,Ilhabela,-23.7781,-45.3581,70.11,87,22,3.47,BR,1658864060
243,Laguna,38.421,-121.4238,92.97,45,0,6.91,US,1658864376
244,Presidencia Roque Sáenz Peña,-26.7852,-60.4388,94.91,23,4,11.36,AR,1658864061
245,Faanui,-16.4833,-151.75,77.59,74,47,10.49,PF,1658864061
246,Shetpe,44.1667,52.1167,77.88,43,0,4.72,KZ,1658864061
247,Mankono,8.0586,-6.1897,74.91,82,100,2.91,CI,1658864062
248,Jieshi,22.8134,115.8257,83.26,77,1,7.94,CN,1658864062
249,Torrington,41.8007,-73.1212,82.94,51,92,1.01,US,1658864062
250,Weligama,5.9667,80.4167,77.25,90,84,4.88,LK,1658864063
251,Kroya,-7.6331,109.2461,72.5,90,56,2.8,ID,1658864063
252,Qaanaaq,77.484,-69.3632,44.19,63,30,4.52,GL,1658864063
253,Ābyek,36.0667,50.55,73.0,48,0,3.51,IR,1658864064
254,Hong Kong,22.2855,114.1577,86.38,77,0,8.99,HK,1658864000
255,Pueblo Nuevo,23.3833,-105.3833,69.4,65,98,4.09,MX,1658864064
256,Talcahuano,-36.7167,-73.1167,56.88,82,75,17.27,CL,1658864064
257,Buta,2.7858,24.73,71.08,98,100,0.27,CD,1658864065
258,Coquimbo,-29.9533,-71.3436,58.73,72,0,10.36,CL,1658863992
259,Dakar,14.6937,-17.4441,84.33,74,40,16.11,SN,1658864017
260,Rocha,-34.4833,-54.3333,66.18,89,96,6.64,UY,1658864051
261,Bilibino,68.0546,166.4372,40.89,63,76,9.91,RU,1658864065
262,Adrar,20.5022,-10.0711,103.91,14,79,11.68,MR,1658863987
263,Gusau,12.1628,6.6614,78.71,76,100,10.85,NG,1658864066
264,Dawson Creek,55.7666,-120.2362,78.44,44,0,10.36,CA,1658864066
265,Papetoai,-17.4961,-149.8729,76.59,81,100,13.96,PF,1658864066
266,Bara,10.3744,10.7288,76.33,82,100,6.17,NG,1658863895
267,Saint-Philippe,-21.3585,55.7679,66.22,83,6,9.35,RE,1658864067
268,Kudahuvadhoo,2.6708,72.8944,82.47,76,41,18.75,MV,1658863770
269,Bambous Virieux,-20.3428,57.7575,70.05,83,40,6.91,MU,1658864067
270,Norman Wells,65.282,-126.8329,77.04,41,75,10.36,CA,1658863920
271,Bonthe,7.5264,-12.505,76.46,82,65,7.25,SL,1658863941
272,Codrington,-38.2667,141.9667,49.93,95,68,8.08,AU,1658864068
273,Jarinu,-23.1014,-46.7283,79.18,39,0,4.47,BR,1658863959
274,Rengo,-34.4167,-70.8667,62.92,63,41,3.11,CL,1658864068
275,Dafeng,23.4517,108.5881,78.1,84,5,2.77,CN,1658864068
276,Lázaro Cárdenas,17.9583,-102.2,86.83,61,63,9.82,MX,1658864068
277,Konstantinovo,54.6628,29.2699,63.23,84,67,5.08,BY,1658864069
278,Saint-Augustin,51.226,-58.6502,72.16,54,73,17.05,CA,1658864069
279,Vazhiny,60.9644,34.0222,63.77,77,61,3.58,RU,1658864069
280,Port Hardy,50.6996,-127.4199,62.78,82,20,5.75,CA,1658864070
281,Bereda,43.2686,-7.5406,63.41,87,73,6.35,ES,1658864070
282,Namwala,-15.7504,26.4384,60.35,41,0,5.7,ZM,1658864070
283,Dingle,10.9995,122.6711,76.35,92,57,4.32,PH,1658864071
284,Malpe,13.35,74.7167,78.1,86,100,4.5,IN,1658864071
285,Marabu,4.4148,114.0089,75.34,100,40,1.14,MY,1658864071
286,Ngorongoro,-3.2397,35.4875,49.32,67,33,5.99,TZ,1658864072
287,Cabadiangan,9.7531,122.4739,78.42,89,100,2.48,PH,1658864072
288,Olafsvik,64.8945,-23.7142,52.65,92,100,16.15,IS,1658864072
289,Kindu,-2.95,25.95,75.61,53,55,2.19,CD,1658864073
290,Igarka,67.4667,86.5833,56.91,77,91,2.51,RU,1658863800
291,Davila,18.4726,120.5763,81.64,79,98,3.85,PH,1658863930
292,Maralal,1.0968,36.698,58.19,65,44,5.28,KE,1658864073
293,Port Blair,11.6667,92.75,81.25,82,100,3.36,IN,1658864073
294,Kavaratti,10.5669,72.642,80.98,78,100,17.38,IN,1658864074
295,Turaif,31.6725,38.6637,86.25,17,0,11.5,SA,1658864074
296,Chik,54.9928,82.4311,64.15,88,0,4.47,RU,1658864074
297,Nokaneng,-19.6667,22.2667,62.94,31,3,7.09,BW,1658863827
298,Pacifica,37.6138,-122.4869,81.73,77,20,11.5,US,1658864075
299,Jiehu,35.5428,118.455,71.56,96,83,4.79,CN,1658864075
300,Ponta do Sol,32.6667,-17.1,81.23,58,4,6.42,PT,1658864075
301,Sistranda,63.7256,8.834,53.56,82,100,22.12,NO,1658864076
302,Abu Kamal,34.4506,40.9171,92.28,13,0,7.61,SY,1658864076
303,Brawley,32.9787,-115.5303,100.65,39,0,9.22,US,1658863842
304,Chiang Rai,19.9167,99.9167,78.78,94,0,1.01,TH,1658864076
305,Arraial do Cabo,-22.9661,-42.0278,75.16,73,20,18.41,BR,1658864077
306,Vieste,41.8825,16.175,80.98,72,77,7.58,IT,1658864077
307,Honningsvåg,70.9821,25.9704,60.55,77,0,2.3,NO,1658863938
308,Frolishchi,56.4211,42.6533,66.2,86,8,4.7,RU,1658864077
309,Plettenberg Bay,-34.0527,23.3716,59.52,57,70,8.3,ZA,1658864078
310,San Fernando,15.0286,120.6898,80.33,91,100,1.34,PH,1658863979
311,Linjiang,41.8069,126.9078,67.91,97,63,1.36,CN,1658864078
312,Lunino,53.5918,45.2271,65.46,89,32,4.7,RU,1658864078
313,Lagoa,39.05,-27.9833,74.08,87,20,11.81,PT,1658863972
314,Dalvik,65.9702,-18.5286,57.13,75,100,3.56,IS,1658864079
315,George Town,5.4112,100.3354,82.33,90,20,5.99,MY,1658864079
316,Beloha,-25.1667,45.05,60.55,79,0,2.62,MG,1658864022
317,Aklavik,68.2191,-135.0107,66.11,44,99,16.37,CA,1658864080
318,Yaan,7.3833,8.5667,73.13,94,42,7.58,NG,1658864080
319,Piteå,65.3172,21.4794,60.89,98,96,8.16,SE,1658864080
320,Karratha,-20.7377,116.8463,67.91,28,6,8.32,AU,1658863980
321,Waipawa,-41.4122,175.5153,48.54,96,100,9.15,NZ,1658864081
322,Khvorostyanka,52.6096,48.9597,68.47,74,50,6.22,RU,1658864081
323,Havøysund,70.9963,24.6622,59.23,90,100,9.44,NO,1658864081
324,Gogrial,8.5332,28.1004,73.17,92,94,5.66,SS,1658864082
325,Port Macquarie,-31.4333,152.9167,48.88,66,0,10.85,AU,1658864082
326,Luganville,-15.5333,167.1667,78.13,86,25,6.4,VU,1658864082
327,Sechura,-5.5569,-80.8222,72.97,62,100,10.65,PE,1658863786
328,Puerto Escondido,15.85,-97.0667,88.63,58,40,5.75,MX,1658864083
329,Garmsār,35.2182,52.3409,89.13,36,0,11.03,IR,1658864083
330,Sorong,-0.8833,131.25,76.28,91,26,7.7,ID,1658864083
331,Bairiki Village,1.3292,172.9752,80.6,78,40,11.5,KI,1658864084
332,Marsaxlokk,35.8419,14.5431,84.07,69,20,9.22,MT,1658864084
333,Russell,32.3502,-85.1999,92.01,60,100,3.44,US,1658864084
334,São João da Barra,-21.6403,-41.0511,77.09,79,45,11.3,BR,1658863940
335,Kokopo,-4.352,152.2633,76.86,83,69,3.06,PG,1658864085
336,Kahului,20.8947,-156.47,84.22,70,20,20.71,US,1658863992
337,Hong Gai,20.956,107.0946,82.31,84,3,2.51,VN,1658864085
338,Nome,64.5011,-165.4064,44.67,77,100,21.85,US,1658864085
339,Hualmay,-11.0964,-77.6139,66.11,72,95,12.62,PE,1658864086
340,Pingliang,35.5392,106.6861,66.16,83,97,14.94,CN,1658864086
341,Ekhabi,53.5102,142.9671,54.91,92,100,5.14,RU,1658864086
342,Balaka,-14.9793,34.9558,60.46,86,0,6.15,MW,1658864087
343,Heze,35.2431,115.4411,74.82,90,1,2.82,CN,1658864087
344,Tombouctou,20.0,-3.0,103.44,9,0,9.69,ML,1658864087
345,Mwinilunga,-11.7358,24.4293,59.22,45,1,5.17,ZM,1658864088
346,Praia,14.9215,-23.5087,82.94,69,40,2.3,CV,1658864088
347,Tutóia,-2.7619,-42.2744,81.09,66,16,8.34,BR,1658864088
348,Kitakata,37.65,139.8667,72.18,97,33,0.94,JP,1658864088
349,Chimoré,-16.9833,-65.1333,80.69,67,98,2.33,BO,1658864089
350,Hervey Bay,-25.2986,152.8535,54.25,59,0,13.31,AU,1658864089
351,Luyang,27.6239,110.0989,76.71,79,39,3.15,CN,1658864089
352,Ubinskoye,55.3068,79.6802,63.18,84,4,7.2,RU,1658864090
353,Kuytun,54.3419,101.5036,54.03,75,72,4.32,RU,1658864090
354,Hofn,64.2539,-15.2082,50.25,89,99,2.91,IS,1658864090
355,Kodarmā,24.4667,85.6,79.57,77,93,8.5,IN,1658864091
356,Duiwelskloof,-23.6934,30.14,56.55,57,0,3.42,ZA,1658864091
357,Noormarkku,61.5927,21.8685,64.18,88,0,6.91,FI,1658863862
358,Haines Junction,60.7522,-137.5108,66.15,52,48,16.11,CA,1658864091
359,Lüderitz,-26.6481,15.1594,55.99,81,40,3.94,NA,1658864092
360,Mendoza,-32.8908,-68.8272,53.13,82,75,5.75,AR,1658863960
361,Ostrovnoy,68.0531,39.5131,60.87,72,100,18.77,RU,1658863826
362,Los Llanos de Aridane,28.6585,-17.9182,80.35,39,0,18.41,ES,1658864092
363,Rome,43.2128,-75.4557,76.66,54,75,12.66,US,1658863923
364,Mattru,7.6244,-11.8332,73.27,91,23,3.71,SL,1658864092
365,Vanimo,-2.6741,141.3028,76.87,88,74,5.26,PG,1658863884
366,Moranbah,-22.0016,148.0466,56.48,74,0,15.99,AU,1658864093
367,Deputatsky,69.3,139.9,51.8,73,59,3.89,RU,1658864094
368,Basco,20.4487,121.9702,84.65,74,51,5.32,PH,1658864094
369,Robertsport,6.7533,-11.3686,76.23,82,28,8.9,LR,1658864094
370,Skellefteå,64.7507,20.9528,64.0,100,100,8.05,SE,1658864094
371,Labuan,5.2767,115.2417,75.56,100,40,0.0,MY,1658864095
372,Harper,4.375,-7.7169,75.25,80,99,8.14,LR,1658864095
373,Nishihara,26.1842,127.7558,80.65,86,40,6.91,JP,1658864095
374,Uinskoye,56.8817,56.5813,61.52,98,17,7.58,RU,1658864096
375,Mariestad,58.7097,13.8237,59.47,82,100,15.12,SE,1658864096
376,Dwārka,22.2394,68.9678,82.24,83,100,16.28,IN,1658863980
377,Madang,-5.2246,145.7966,76.87,91,100,0.27,PG,1658864096
378,Tiksi,71.6872,128.8694,51.64,81,54,2.33,RU,1658864097
379,Hamilton,39.1834,-84.5333,76.08,88,100,4.61,US,1658863982
380,Chul'man,56.8479,124.9104,61.93,80,0,3.09,RU,1658864097
381,Houma,29.5958,-90.7195,90.0,65,40,12.66,US,1658864097
382,Kashgar,39.4547,75.9797,88.81,19,41,8.95,CN,1658864098
383,Séguéla,7.9611,-6.6731,74.17,85,99,2.26,CI,1658864098
384,Port Lincoln,-34.7333,135.8667,51.3,80,100,11.54,AU,1658863991
385,Zhigansk,66.7697,123.3711,64.6,67,45,3.42,RU,1658864098
386,Sehithwa,-20.4667,22.7167,63.55,31,0,7.61,BW,1658864099
387,Macusani,-14.0833,-70.4333,48.63,44,60,10.98,PE,1658864099
388,Kimberley,-28.7323,24.7623,58.69,58,41,6.91,ZA,1658864045
389,Omboué,-1.5746,9.2618,72.46,84,72,11.18,GA,1658864099
390,Isangel,-19.55,169.2667,73.72,86,96,12.95,VU,1658864100
391,Barcelona,41.3888,2.159,83.19,80,75,11.5,ES,1658864052
392,Margate,51.3813,1.3862,64.31,71,100,4.0,GB,1658864002
393,Tiarei,-17.5333,-149.3333,77.02,83,100,14.32,PF,1658864100
394,Sioux Lookout,50.1001,-91.917,66.27,82,75,9.22,CA,1658863847
395,Purpe,64.4803,76.6897,55.96,74,7,16.26,RU,1658864101
396,Tazovsky,67.4667,78.7,49.62,78,100,5.86,RU,1658864101
397,Taoudenni,22.6783,-3.9836,105.76,9,94,10.63,ML,1658863894
398,La Ronge,55.1001,-105.2842,62.82,82,75,12.66,CA,1658864101
399,Lima,-12.0432,-77.0282,62.85,72,100,9.22,PE,1658864102
400,Wajima,37.4,136.9,75.69,87,0,3.8,JP,1658864102
401,Sibu,2.3,111.8167,75.51,94,40,1.14,MY,1658864103
402,Kamenka,51.3223,42.7678,64.09,89,4,2.1,RU,1658864104
403,Büren,51.55,8.5667,63.88,82,75,3.44,DE,1658864104
404,San Jose,37.3394,-121.895,86.92,49,20,4.61,US,1658863979
405,Srednekolymsk,67.45,153.6833,42.04,72,88,14.97,RU,1658864104
406,Majdanpek,44.4277,21.946,70.61,33,0,1.66,RS,1658864105
407,Clyde,41.3042,-82.9752,80.55,55,69,5.17,US,1658864105
408,Ancud,-41.8697,-73.8203,53.22,85,85,9.51,CL,1658864105
409,Esim,4.8699,-2.2405,76.33,85,100,10.78,GH,1658863907
410,Tanout,14.9709,8.8879,96.4,14,17,5.68,NE,1658864106
411,Umm Hājar,13.2954,19.6966,83.95,63,100,15.43,TD,1658864106
412,Aksu,41.1231,80.2644,85.28,23,6,1.79,CN,1658864107
413,High Level,58.5169,-117.136,73.51,64,75,6.91,CA,1658864107
414,Cairns,-16.9167,145.7667,67.95,88,3,8.05,AU,1658863978
415,Canindé de São Francisco,-9.66,-37.7894,71.47,91,91,9.84,BR,1658864108
416,Florianópolis,-27.6146,-48.5012,72.63,57,0,8.05,BR,1658864017
417,Yorkton,51.2167,-102.4677,69.64,46,20,26.46,CA,1658864108
418,Dingalan,15.3897,121.3929,79.07,87,100,2.3,PH,1658864109
419,Pittsburg,38.028,-121.8847,89.65,43,0,10.36,US,1658864109
420,Malente,54.1712,10.5552,61.79,64,94,12.84,DE,1658864109
421,Kāman,27.65,77.2667,85.15,68,78,7.11,IN,1658864110
422,Salalah,17.0151,54.0924,77.09,100,100,8.05,OM,1658863947
423,Cabo San Lucas,22.8909,-109.9124,92.61,58,20,4.61,MX,1658863838
424,Morris,40.8334,-74.5329,81.36,51,75,5.75,US,1658864093
425,Jinchang,38.4953,102.1739,69.67,42,96,11.23,CN,1658864110
426,Nikolayevka,53.1257,47.2041,64.99,89,0,3.0,RU,1658864111
427,Neepawa,50.2289,-99.4664,72.0,50,15,14.76,CA,1658864111
428,Salinópolis,-0.6136,-47.3561,80.17,84,94,9.17,BR,1658864111
429,Goderich,43.7501,-81.7165,73.72,43,0,6.91,CA,1658863836
430,Benghazi,32.1167,20.0667,81.28,71,0,10.2,LY,1658864112
431,Belaya Gora,68.5333,146.4167,50.31,53,84,13.44,RU,1658864003
432,Coração de Jesus,-16.6853,-44.365,78.85,28,0,8.37,BR,1658864112
433,Bubaque,11.2833,-15.8333,79.99,76,100,10.25,GW,1658864113
434,Sabang,5.8933,95.3214,80.82,77,100,8.32,ID,1658864113
435,Rassvet,46.8333,40.75,69.13,86,1,4.47,RU,1658863844
436,Rokupr,8.6717,-12.395,74.66,93,48,3.87,SL,1658864113
437,Rabo de Peixe,37.8,-25.5833,74.71,88,75,12.66,PT,1658864114
438,Alice Springs,-23.7,133.8833,33.35,80,0,0.0,AU,1658864114
439,Puri,19.8,85.85,81.12,78,93,6.85,IN,1658864114
440,Timizart,36.8,4.2667,78.64,61,13,4.27,DZ,1658864114
441,Mamoudzou,-12.7794,45.2272,74.82,73,0,11.5,YT,1658864115
442,Boromlya,50.6184,34.9704,63.21,92,42,6.49,UA,1658864115
443,Troitsko-Pechorsk,62.7084,56.1964,49.26,75,90,0.72,RU,1658864115
444,Bujaru,-1.515,-48.0447,86.77,58,100,3.53,BR,1658864116
445,Vao,-22.6667,167.4833,67.62,63,0,7.25,NC,1658864116
446,Pismo Beach,35.1428,-120.6413,89.38,62,0,4.61,US,1658864116
447,Kyshtovka,56.555,76.6271,63.45,96,100,7.94,RU,1658864117
448,Iqaluit,63.7506,-68.5145,51.53,76,20,8.05,CA,1658863936
449,Touros,-5.1989,-35.4608,77.7,74,60,14.81,BR,1658864013
450,Bud,39.447,-86.1758,73.42,87,100,2.08,US,1658864056
451,Songea,-10.6833,35.65,58.33,69,22,0.94,TZ,1658864117
452,Yukhnov,54.7444,35.2297,64.42,93,36,3.33,RU,1658864118
453,São José dos Pinhais,-25.5347,-49.2064,71.94,54,20,10.36,BR,1658863915
454,Yeppoon,-23.1333,150.7333,60.58,71,0,10.11,AU,1658864118
455,Sisimiut,66.9395,-53.6735,42.94,85,87,7.81,GL,1658864045
456,Luwuk,-0.9516,122.7875,76.5,92,97,5.48,ID,1658864119
457,Cockburn Town,21.4612,-71.1419,82.67,79,3,19.48,TC,1658863861
458,Dali,25.7,100.1833,61.54,94,100,4.72,CN,1658863876
459,Liverpool,53.4106,-2.9779,63.61,70,40,10.36,GB,1658864057
460,Arman',59.7,150.1667,57.94,82,100,1.66,RU,1658864119
461,Xai-Xai,-25.0519,33.6442,62.01,78,0,5.3,MZ,1658864119
462,Karonga,-9.9333,33.9333,66.9,83,12,4.21,MW,1658864120
463,Kundiawa,-6.0167,144.9667,60.62,98,100,1.59,PG,1658864120
464,Alta Floresta,-9.8756,-56.0861,96.62,24,40,9.22,BR,1658864120
465,Elban,50.1018,136.5094,62.67,87,100,4.85,RU,1658864121
466,Xam Nua,20.4197,104.0439,68.31,82,8,2.51,LA,1658864121
467,Eufaula,31.8913,-85.1455,91.33,61,75,4.61,US,1658864093
468,Bazarnye Mataki,54.8833,49.9333,66.42,82,96,2.46,RU,1658864121
469,Inverell,-29.7833,151.1167,39.11,81,6,1.99,AU,1658864122
470,Tommot,58.9564,126.2925,61.52,76,6,3.2,RU,1658864122
471,Palembang,-2.9167,104.7458,73.29,98,100,3.2,ID,1658864122
472,Nouadhibou,20.931,-17.0347,72.46,91,41,10.94,MR,1658863952
473,Yichun,47.7,128.9,64.42,95,11,2.3,CN,1658863878
474,Havelock,34.8791,-76.9013,91.36,79,20,18.41,US,1658864009
475,Areosa,41.7178,-8.8571,64.54,82,0,11.95,PT,1658864123
476,Kyabram,-36.3167,145.05,47.41,88,83,9.91,AU,1658864123
477,Ambunti,-4.2365,142.8448,72.72,99,91,1.14,PG,1658864124
478,Coahuayana Viejo,18.7333,-103.6833,90.25,56,76,6.91,MX,1658863997
479,Broken Hill,-31.95,141.4333,41.95,86,2,5.79,AU,1658864124
480,Ilorin,8.5,4.55,75.45,86,66,8.01,NG,1658864124
481,Mounana,-1.4085,13.1586,73.78,73,99,2.37,GA,1658864125
482,Kautokeino,69.0125,23.0412,57.49,93,100,1.36,NO,1658864125
483,Champerico,14.3,-91.9167,91.94,71,44,6.62,GT,1658864125
484,Tura,25.5198,90.2201,72.19,89,42,2.35,IN,1658864030
485,Nuevo Progreso,23.1667,-97.95,94.53,51,34,7.0,MX,1658864125
486,Sydney,-33.8679,151.2073,51.71,68,0,12.66,AU,1658863881
487,Bhawānipatna,19.9,83.1667,77.0,91,83,4.47,IN,1658864126
488,Outjo,-20.1167,16.15,61.9,24,47,6.49,NA,1658864126
489,Mayo,38.8876,-76.5119,81.99,74,100,4.61,US,1658864126
490,Itarema,-2.9248,-39.9167,79.97,67,25,14.54,BR,1658863948
491,Yerbogachën,61.2767,108.0108,60.75,83,51,7.81,RU,1658864127
492,Siocon,7.7061,122.1353,79.0,88,100,4.74,PH,1658864127
493,Villamontes,-21.25,-63.5,96.28,25,5,11.23,BO,1658864068
494,Taltal,-25.4,-70.4833,62.2,71,33,3.98,CL,1658864043
495,Brae,60.3964,-1.353,51.12,78,12,10.54,GB,1658863853
496,Marfino,55.7028,37.3822,76.95,61,0,2.24,RU,1658864128
497,Petra,30.3222,35.4793,71.73,34,0,5.19,JO,1658864128
498,Raudeberg,61.9875,5.1352,48.96,81,100,19.1,NO,1658864128
499,Guerrero Negro,27.9769,-114.0611,82.81,47,51,9.42,MX,1658864129
500,Boshnyakovo,49.6333,142.1667,57.7,94,87,4.03,RU,1658864129
501,Kintampo,8.0563,-1.7306,70.54,94,100,3.22,GH,1658864129
502,Hibbing,47.4272,-92.9377,71.2,78,75,8.05,US,1658864130
503,Banda Aceh,5.5577,95.3222,77.61,84,100,9.1,ID,1658864085
504,Kuala Terengganu,5.3302,103.1408,78.75,94,40,3.44,MY,1658864130
505,Skjervøy,70.0311,20.9714,57.2,98,100,4.27,NO,1658864043
506,Gwadar,25.1216,62.3254,82.17,83,69,13.33,PK,1658864130
507,Ust-Kuyga,70.0167,135.6,65.68,67,55,0.4,RU,1658864025
508,Falun,60.6036,15.626,60.22,88,95,4.21,SE,1658864131
509,Verkhneural'sk,53.8769,59.2106,58.98,86,70,2.13,RU,1658864131
510,Emerald,-23.5333,148.1667,50.34,78,0,17.6,AU,1658864131
511,Vila Franca do Campo,37.7167,-25.4333,75.61,83,41,5.73,PT,1658864132
512,Kabalo,-6.05,26.9167,80.94,32,84,4.12,CD,1658864132
513,Aquiraz,-3.9014,-38.3911,82.49,69,100,9.69,BR,1658864132
514,Tiznit Province,29.5833,-9.5,87.44,28,0,7.49,MA,1658864133
515,Rio Claro,-22.4114,-47.5614,79.83,29,0,3.02,BR,1658863835
516,Merauke,-8.4667,140.3333,76.26,84,99,15.05,ID,1658864133
517,Gympie,-26.1898,152.665,47.86,55,0,6.82,AU,1658864133
518,Egvekinot,66.3167,-179.1667,43.61,60,76,0.29,RU,1658864134
519,Vostok,46.4856,135.8833,60.53,97,0,2.48,RU,1658864134
520,Anadyr,64.75,177.4833,48.7,81,75,13.42,RU,1658864134
521,Mitsamiouli,-11.3847,43.2844,76.39,70,1,5.55,KM,1658864135
522,Kenai,60.5544,-151.2583,57.29,69,0,20.71,US,1658864135
523,Manggar,-2.8833,108.2667,79.77,76,100,9.35,ID,1658863983
524,Tchibanga,-2.85,11.0333,69.04,80,20,3.15,GA,1658864135
525,Aitape,-3.1374,142.3475,77.05,86,73,5.86,PG,1658864136
526,Dolores,-36.3132,-57.6792,60.17,98,100,3.47,AR,1658864136
527,Klaksvík,62.2266,-6.589,52.72,75,88,8.99,FO,1658864136
528,Mehamn,71.0357,27.8492,60.75,82,0,2.3,NO,1658864012
529,Río Gallegos,-51.6226,-69.2181,35.65,55,0,5.75,AR,1658864137
530,Lafiagi,8.8667,5.4167,77.22,89,67,4.38,NG,1658864137
531,Huéscar,37.811,-2.5412,78.26,15,0,5.73,ES,1658863882
532,Narrabri,-30.3167,149.7833,37.42,86,3,4.65,AU,1658864137
533,Łęczna,51.3012,22.8814,64.71,94,75,10.36,PL,1658864138
534,Ocniţa,44.9833,25.55,74.86,47,0,5.28,RO,1658864138
535,Ust-Maya,60.4167,134.5333,58.46,75,9,0.58,RU,1658864138
536,Sørland,67.667,12.6934,53.46,91,100,30.22,NO,1658864139
537,Hwange,-18.3693,26.5019,62.26,41,0,1.88,ZW,1658864139
538,Carbondale,37.7273,-89.2168,87.03,79,20,9.22,US,1658864347
539,Rawson,-43.3002,-65.1023,46.44,91,100,10.16,AR,1658864062
540,Penzance,50.1186,-5.5371,61.48,69,20,12.37,GB,1658864140
541,Nakamura,32.9833,132.9333,75.18,91,11,2.95,JP,1658864140
542,Maniitsoq,65.4167,-52.9,40.62,93,89,9.28,GL,1658864096
543,Kiryat Gat,31.61,34.7642,82.4,58,0,3.22,IL,1658864140
544,Hirara,24.8,125.2833,85.12,76,8,11.14,JP,1658864141
545,Cuamba,-14.8031,36.5372,62.33,82,22,7.07,MZ,1658864141
546,Namatanai,-3.6667,152.4333,78.19,80,88,6.22,PG,1658864142
547,Khandyga,62.6667,135.6,62.73,78,13,2.71,RU,1658864142
548,Noboribetsu,42.4514,141.1731,68.47,94,100,1.72,JP,1658864142
549,Qorveh,35.1664,47.8045,72.39,34,0,3.47,IR,1658864143
550,Kempsey,-31.0833,152.8333,48.94,59,0,3.0,AU,1658864143
551,Doka,13.5167,35.7667,73.63,82,100,6.11,SD,1658864143
552,Westerland,54.9079,8.3033,58.01,72,100,18.41,DE,1658864144
553,Nuevo Emperador,8.9989,-79.7272,84.49,79,20,12.66,PA,1658864144
554,Elesbão Veloso,-6.2019,-42.1403,92.12,24,100,7.05,BR,1658864144
555,Turka,49.1541,23.0297,63.14,98,100,6.8,UA,1658864144
556,Buraidah,26.326,43.975,100.85,15,65,6.02,SA,1658864145
557,Rancho Palos Verdes,33.7445,-118.387,84.06,77,20,10.36,US,1658864145
558,Lata,40.1629,-8.3327,63.01,73,0,5.14,PT,1658864145
559,Shādegān,30.6497,48.6647,89.55,7,68,15.57,IR,1658864146
560,Coyhaique,-45.5752,-72.0662,35.55,75,100,5.75,CL,1658863997
561,Ituiutaba,-18.9689,-49.465,86.81,18,0,4.16,BR,1658864146
562,Kosh-Agach,50.0,88.6667,46.4,71,1,4.05,RU,1658864146
563,Jijiga,9.35,42.8,67.78,48,62,14.41,ET,1658864147
564,Karaton,-6.3424,106.1045,73.09,93,90,1.12,ID,1658864147
565,Camapuã,-19.5314,-54.0439,91.04,20,0,1.07,BR,1658864147
566,Hearst,49.6835,-83.6665,75.45,41,100,6.91,CA,1658864148
567,Pangnirtung,66.1451,-65.7125,44.6,87,40,5.75,CA,1658863953
568,Juneau,58.3019,-134.4197,60.84,100,100,3.44,US,1658864123
569,Mnogovershinnyy,53.9353,139.9242,53.73,97,100,1.63,RU,1658864148
570,Kutum,14.2,24.6667,88.0,23,89,5.77,SD,1658864148
571,George,-33.963,22.4617,56.75,67,100,5.75,ZA,1658864149
572,Kirando,-7.4167,30.6,75.18,52,65,4.36,TZ,1658864149
573,Severo-Yeniseyskiy,60.3725,93.0408,53.46,97,100,5.86,RU,1658864149
574,Zyryanka,65.75,150.85,50.07,53,98,17.36,RU,1658864150
575,Farafangana,-22.8167,47.8333,67.01,83,6,4.36,MG,1658864150
576,Arlit,18.7369,7.3853,102.22,10,30,11.5,NE,1658864150
577,Toamasina,-18.1667,49.3833,64.4,94,20,4.61,MG,1658864151
578,Bassar,9.25,0.7833,71.91,89,99,3.27,TG,1658864151
579,Kurchum,48.5722,83.6542,64.0,50,2,5.17,KZ,1658864151
